idnombreapellidoemailcasado/ageneroidnombreapellidoemailcasado/ageneroidnombreapellidoemailcasado/ageneroidnombreapellidoemailcasado/ageneroidnombreapellidoemailcasado/ageneroidnombreapellidoemailcasado/agenero
100VioletAilyn.@yopmail.comtruefemenino100VioletAilyn.@yopmail.comtruefemenino100VioletAilyn.@yopmail.comtruefemenino100VioletAilyn.@yopmail.comtruefemenino100VioletAilyn.@yopmail.comtruefemenino100VioletAilyn.@yopmail.comtruefemenino
101SheelaghCavan.@yopmail.comfalsemasculino101SheelaghCavan.@yopmail.comfalsemasculino101SheelaghCavan.@yopmail.comfalsemasculino101SheelaghCavan.@yopmail.comfalsemasculino101SheelaghCavan.@yopmail.comfalsemasculino101SheelaghCavan.@yopmail.comfalsemasculino
102RainaFerino.@yopmail.comtruemasculino102RainaFerino.@yopmail.comtruemasculino102RainaFerino.@yopmail.comtruemasculino102RainaFerino.@yopmail.comtruemasculino102RainaFerino.@yopmail.comtruemasculino102RainaFerino.@yopmail.comtruemasculino
103KorrieHarned.@yopmail.comfalsemasculino103KorrieHarned.@yopmail.comfalsemasculino103KorrieHarned.@yopmail.comfalsemasculino103KorrieHarned.@yopmail.comfalsemasculino103KorrieHarned.@yopmail.comfalsemasculino103KorrieHarned.@yopmail.comfalsemasculino
104CatrinaFlorina.@yopmail.comtruemasculino104CatrinaFlorina.@yopmail.comtruemasculino104CatrinaFlorina.@yopmail.comtruemasculino104CatrinaFlorina.@yopmail.comtruemasculino104CatrinaFlorina.@yopmail.comtruemasculino104CatrinaFlorina.@yopmail.comtruemasculino
105PetroniaKoziara.@yopmail.comtruefemenino105PetroniaKoziara.@yopmail.comtruefemenino105PetroniaKoziara.@yopmail.comtruefemenino105PetroniaKoziara.@yopmail.comtruefemenino105PetroniaKoziara.@yopmail.comtruefemenino105PetroniaKoziara.@yopmail.comtruefemenino
106CarlieKenwood.@yopmail.comfalsemasculino106CarlieKenwood.@yopmail.comfalsemasculino106CarlieKenwood.@yopmail.comfalsemasculino106CarlieKenwood.@yopmail.comfalsemasculino106CarlieKenwood.@yopmail.comfalsemasculino106CarlieKenwood.@yopmail.comfalsemasculino
107GenevraElvyn.@yopmail.comtruefemenino107GenevraElvyn.@yopmail.comtruefemenino107GenevraElvyn.@yopmail.comtruefemenino107GenevraElvyn.@yopmail.comtruefemenino107GenevraElvyn.@yopmail.comtruefemenino107GenevraElvyn.@yopmail.comtruefemenino
108NikkiBelanger.@yopmail.comtruemasculino108NikkiBelanger.@yopmail.comtruemasculino108NikkiBelanger.@yopmail.comtruemasculino108NikkiBelanger.@yopmail.comtruemasculino108NikkiBelanger.@yopmail.comtruemasculino108NikkiBelanger.@yopmail.comtruemasculino
109GusellaMerell.@yopmail.comtruefemenino109GusellaMerell.@yopmail.comtruefemenino109GusellaMerell.@yopmail.comtruefemenino109GusellaMerell.@yopmail.comtruefemenino109GusellaMerell.@yopmail.comtruefemenino109GusellaMerell.@yopmail.comtruefemenino
